<?xml version="1.0" encoding="utf-8"?>
<fmiModelDescription
  fmiVersion="2.0"
  modelName="encrypted_teleoperation_2021a"
  guid="{ec117add-127d-222b-ffb7-18c4e7123262}"
  description=""
  generationTool="Simulink (R2022a)"
  version="11.39"
  variableNamingConvention="structured"
  generationDateAndTime="2022-06-24T19:30:37Z"
  numberOfEventIndicators="0">

<CoSimulation
  modelIdentifier="encrypted_teleoperation_2021a"
  canBeInstantiatedOnlyOncePerProcess="true"
  canNotUseMemoryManagementFunctions="true">
   <SourceFiles>
      <File name="encrypted_teleoperation_2021a.c"/>
      <File name="encrypted_teleoperation_2021a_data.c"/>
      <File name="rtGetInf.c"/>
      <File name="rtGetNaN.c"/>
      <File name="rt_nonfinite.c"/>
      <File name="Linux_NoInput_cgen_wrapper.cpp"/>
      <File name="Linux_NoInput_wrapper.cpp"/>
      <File name="RTWCG_FMU_util.c"/>
      <File name="encrypted_teleoperation_2021a_fmu.c"/>
   </SourceFiles>
</CoSimulation>
<DefaultExperiment startTime="0" stopTime="10" stepSize="0.001"/>
<VendorAnnotations>
  <Tool name="Simulink">
    <Simulink>
      <ImportCompatibility requireRelease="all" requireMATLABOnPath="no" />
      <SimulinkModelInterface>
        <Outport dataType="double" portNumber="1" uniquePortName="masterDisp" portName="master disp"/>
        <Outport dataType="double" portNumber="2" uniquePortName="slaveDisp" portName="slave disp"/>
      </SimulinkModelInterface>
    </Simulink>
  </Tool>
</VendorAnnotations>
<ModelVariables>
  <ScalarVariable name="masterDisp" valueReference="0" description="master disp" causality="output" variability="continuous" initial="calculated">
    <Real  />
  </ScalarVariable> <!-- index="1" -->
  <ScalarVariable name="slaveDisp" valueReference="1" description="slave disp" causality="output" variability="continuous" initial="calculated">
    <Real  />
  </ScalarVariable> <!-- index="2" -->
  <ScalarVariable name="time" valueReference="2" description="time" causality="independent" variability="continuous" >
    <Real  />
  </ScalarVariable> <!-- index="3" -->
</ModelVariables>
<ModelStructure>
  <Outputs>
    <Unknown index="1" />
    <Unknown index="2" />
  </Outputs>
  <InitialUnknowns>
    <Unknown index="1" />
    <Unknown index="2" />
  </InitialUnknowns>
</ModelStructure>
</fmiModelDescription>

